
{
  "Name": "GSO Filtered Internal Silo",
  "Description": "A filtered node silo but it stores MUCH more",
  "ID": 584886, 

  "Faction": 1,//
  "Category": 2,
  "Grade": 1,
  "Price": 216,// same as GSO two block
  "Rarity": 0,
  "HP": 250,//
  "Mass": 2,//

  "IconName": null,
  "MeshName": null,

  "Recipe": "1,1,5,5",


  "MeshTextureName": null,

  "MeshMaterialName": null,
  "ColliderMeshName": null,

  "BlockExtents":
  {
    "x": 1,
    "y": 2,
    "z": 1
  },


  "APs": [
    { "x": 0, "y": -0.5, "z": 0 },
    { "x": 0.5, "y": 0, "z": 0 },
    { "x": -0.5, "y": 0, "z": 0 },
    { "x": 0, "y": 0, "z": 0.5 },
    { "x": 0, "y": 0, "z": -0.5 },
  ],


  "GamePrefabReference": "GSO_Silo(111)", 
  "KeepReferenceRenderers": true,
  "KeepReferenceColliders": true,
  "ReferenceOffset": {
    "x": 0,
    "y": 0,
    "z": 0
  },

  "SubObjects": [
    {
      "SubOverrideName": "m_GSO_Block_112",
      "MakeBoxCollider": false,
      "DestroyExistingColliders": true,
      "DestroyExistingRenderer": true,
      "MeshName": "m_siloDisplayDefault.obj",
      "MeshMaterialName": "GSO_Logo",
    },
    {
      "SubOverrideName": "m_Gauge",
      "MakeBoxCollider": false,
      "DestroyExistingColliders": true,
      "DestroyExistingRenderer": true,
      "MeshName": "m_siloGaugeDefault.obj",
      "MeshMaterialName": "GSO_Logo",
    },
  ],

  "JSONBLOCK": {
    //Main Dice Model
    "GameObject|m_Gauge": {//the Base model
      "UnityEngine.Transform": {
        "localPosition": { "x":0.5, "y":0, "z":0 },
        "localEulerAngles": { "x":0, "y":0, "z":0 },
        "localScale": { "x":0.25, "y":1, "z":0.25 },
      },
      "RandomAdditions.SiloGauge":{ // Add a display for your ModuleItemSilo
        "MaxHeightMultiplier": 10,      // Scaling of the mesh at full capacity
        "MinHeightMultiplier": 1,      // Scaling of the mesh at empty
        "DisplayDampener": 30,          // Dampener for the updating of the display

        "AllowCustomTextures": false,       // Use the existing textures?
        "UseResourceColorsForGauge": true, // Use stored resource colors for the gauge?
      },
    },
    //Main Dice Model
    "Reference|GSO_Block_112/m_GSO_Block_112": {//
      "UnityEngine.Transform": {
        "localPosition": { "x":0, "y":5, "z":0 },
        "localEulerAngles": { "x":0, "y":0, "z":0 },
        "localScale": { "x":1, "y":1, "z":1 },
      },
      "UnityEngine.BoxCollider": null,
      "RandomAdditions.SiloDisplay":{},
    },

    //---------------------------------------------------------------------------
    //Modules go Here
    "RandomAdditions.ModuleItemSilo":{ // Add internal resource storage capacity to your block
      "StoresBlocksInsteadOfChunks": false,   // Send blocks the the SCU instead of storing chunks?
      "UseShrinkAnim": true,                  // Do we shrink the items when storing?
      "MaxOutputRate": 1,                     // Max Rate this silo can output at - also determines stack heights. Leave at 0 to auto-set

      // For Chunks: 
      "MaxCapacity": 30,                      // Max resource storage capacity
      "DestroyContentsOnDestruction": false,  // Is this silo that dirty cheap that if it explodes it destroys all chunks inside?
    },
    "ModuleItemStore": {
      //"m_Capacity": 30,
      "m_SingleType": true,//MUST be true!
    },
    "ModuleItemHolder": {
      //"m_AcceptFlags": 1,
    },
    "ModuleDamage": {
      "m_DamageDetachFragility": 1,
      //Default
    },
    "Damageable": {
      "m_DamageableType": 0, 
      "m_AoEDamageBlockPercent": 0.8,//Default
    },
  }
}